0,"mean: 0.78452, std: 0.00135, params: {'n_estimators': 250, 'learning_rate': 0.03}"
1,"mean: 0.78651, std: 0.00133, params: {'n_estimators': 300, 'learning_rate': 0.03}"
2,"mean: 0.78823, std: 0.00132, params: {'n_estimators': 350, 'learning_rate': 0.03}"
3,"mean: 0.79151, std: 0.00140, params: {'n_estimators': 500, 'learning_rate': 0.03}"
4,"mean: 0.79413, std: 0.00137, params: {'n_estimators': 700, 'learning_rate': 0.03}"
5,"mean: 0.78989, std: 0.00152, params: {'n_estimators': 250, 'learning_rate': 0.05}"
6,"mean: 0.79149, std: 0.00158, params: {'n_estimators': 300, 'learning_rate': 0.05}"
7,"mean: 0.79261, std: 0.00153, params: {'n_estimators': 350, 'learning_rate': 0.05}"
8,"mean: 0.79523, std: 0.00169, params: {'n_estimators': 500, 'learning_rate': 0.05}"
9,"mean: 0.79736, std: 0.00162, params: {'n_estimators': 700, 'learning_rate': 0.05}"
