0,"mean: 0.79141, std: 0.00152, params: {'max_delta_step': 0}"
1,"mean: 0.79082, std: 0.00144, params: {'max_delta_step': 1}"
2,"mean: 0.79139, std: 0.00150, params: {'max_delta_step': 2}"
3,"mean: 0.79141, std: 0.00158, params: {'max_delta_step': 3}"
4,"mean: 0.79141, std: 0.00152, params: {'max_delta_step': 4}"
5,"mean: 0.79141, std: 0.00152, params: {'max_delta_step': 5}"
6,"mean: 0.79141, std: 0.00152, params: {'max_delta_step': 10}"
7,"mean: 0.79141, std: 0.00152, params: {'max_delta_step': 100}"
