0,"mean: 0.78831, std: 0.00149, params: {'subsample': 0.6, 'colsample_bytree': 0.4}"
1,"mean: 0.78853, std: 0.00147, params: {'subsample': 0.7, 'colsample_bytree': 0.4}"
2,"mean: 0.78844, std: 0.00144, params: {'subsample': 0.8, 'colsample_bytree': 0.4}"
3,"mean: 0.78839, std: 0.00154, params: {'subsample': 0.9, 'colsample_bytree': 0.4}"
4,"mean: 0.78909, std: 0.00150, params: {'subsample': 0.6, 'colsample_bytree': 0.5}"
5,"mean: 0.78926, std: 0.00160, params: {'subsample': 0.7, 'colsample_bytree': 0.5}"
6,"mean: 0.78908, std: 0.00149, params: {'subsample': 0.8, 'colsample_bytree': 0.5}"
7,"mean: 0.78893, std: 0.00135, params: {'subsample': 0.9, 'colsample_bytree': 0.5}"
8,"mean: 0.78973, std: 0.00153, params: {'subsample': 0.6, 'colsample_bytree': 0.6}"
9,"mean: 0.78996, std: 0.00147, params: {'subsample': 0.7, 'colsample_bytree': 0.6}"
10,"mean: 0.78972, std: 0.00149, params: {'subsample': 0.8, 'colsample_bytree': 0.6}"
11,"mean: 0.78958, std: 0.00127, params: {'subsample': 0.9, 'colsample_bytree': 0.6}"
12,"mean: 0.79062, std: 0.00155, params: {'subsample': 0.6, 'colsample_bytree': 0.7}"
13,"mean: 0.79072, std: 0.00147, params: {'subsample': 0.7, 'colsample_bytree': 0.7}"
14,"mean: 0.79076, std: 0.00163, params: {'subsample': 0.8, 'colsample_bytree': 0.7}"
15,"mean: 0.79049, std: 0.00143, params: {'subsample': 0.9, 'colsample_bytree': 0.7}"
16,"mean: 0.79090, std: 0.00134, params: {'subsample': 0.6, 'colsample_bytree': 0.8}"
17,"mean: 0.79103, std: 0.00138, params: {'subsample': 0.7, 'colsample_bytree': 0.8}"
18,"mean: 0.79092, std: 0.00154, params: {'subsample': 0.8, 'colsample_bytree': 0.8}"
19,"mean: 0.79075, std: 0.00129, params: {'subsample': 0.9, 'colsample_bytree': 0.8}"
20,"mean: 0.79113, std: 0.00143, params: {'subsample': 0.6, 'colsample_bytree': 0.9}"
21,"mean: 0.79123, std: 0.00156, params: {'subsample': 0.7, 'colsample_bytree': 0.9}"
22,"mean: 0.79107, std: 0.00153, params: {'subsample': 0.8, 'colsample_bytree': 0.9}"
23,"mean: 0.79085, std: 0.00136, params: {'subsample': 0.9, 'colsample_bytree': 0.9}"
