0,"mean: 0.76559, std: 0.00128, params: {'max_depth': 2, 'min_child_weight': 1}"
1,"mean: 0.76559, std: 0.00128, params: {'max_depth': 2, 'min_child_weight': 2}"
2,"mean: 0.76558, std: 0.00128, params: {'max_depth': 2, 'min_child_weight': 3}"
3,"mean: 0.76558, std: 0.00128, params: {'max_depth': 2, 'min_child_weight': 4}"
4,"mean: 0.76558, std: 0.00128, params: {'max_depth': 2, 'min_child_weight': 5}"
5,"mean: 0.76559, std: 0.00128, params: {'max_depth': 2, 'min_child_weight': 6}"
6,"mean: 0.76552, std: 0.00119, params: {'max_depth': 2, 'min_child_weight': 10}"
7,"mean: 0.76565, std: 0.00120, params: {'max_depth': 2, 'min_child_weight': 15}"
8,"mean: 0.76571, std: 0.00125, params: {'max_depth': 2, 'min_child_weight': 100}"
9,"mean: 0.77407, std: 0.00128, params: {'max_depth': 3, 'min_child_weight': 1}"
10,"mean: 0.77404, std: 0.00131, params: {'max_depth': 3, 'min_child_weight': 2}"
11,"mean: 0.77399, std: 0.00128, params: {'max_depth': 3, 'min_child_weight': 3}"
12,"mean: 0.77395, std: 0.00123, params: {'max_depth': 3, 'min_child_weight': 4}"
13,"mean: 0.77406, std: 0.00135, params: {'max_depth': 3, 'min_child_weight': 5}"
14,"mean: 0.77409, std: 0.00140, params: {'max_depth': 3, 'min_child_weight': 6}"
15,"mean: 0.77407, std: 0.00141, params: {'max_depth': 3, 'min_child_weight': 10}"
16,"mean: 0.77401, std: 0.00119, params: {'max_depth': 3, 'min_child_weight': 15}"
17,"mean: 0.77436, std: 0.00134, params: {'max_depth': 3, 'min_child_weight': 100}"
18,"mean: 0.77969, std: 0.00142, params: {'max_depth': 4, 'min_child_weight': 1}"
19,"mean: 0.77968, std: 0.00145, params: {'max_depth': 4, 'min_child_weight': 2}"
20,"mean: 0.77968, std: 0.00149, params: {'max_depth': 4, 'min_child_weight': 3}"
21,"mean: 0.77962, std: 0.00145, params: {'max_depth': 4, 'min_child_weight': 4}"
22,"mean: 0.77968, std: 0.00143, params: {'max_depth': 4, 'min_child_weight': 5}"
23,"mean: 0.77963, std: 0.00145, params: {'max_depth': 4, 'min_child_weight': 6}"
24,"mean: 0.77972, std: 0.00151, params: {'max_depth': 4, 'min_child_weight': 10}"
25,"mean: 0.77959, std: 0.00148, params: {'max_depth': 4, 'min_child_weight': 15}"
26,"mean: 0.77959, std: 0.00152, params: {'max_depth': 4, 'min_child_weight': 100}"
27,"mean: 0.78424, std: 0.00156, params: {'max_depth': 5, 'min_child_weight': 1}"
28,"mean: 0.78424, std: 0.00155, params: {'max_depth': 5, 'min_child_weight': 2}"
29,"mean: 0.78416, std: 0.00147, params: {'max_depth': 5, 'min_child_weight': 3}"
30,"mean: 0.78416, std: 0.00134, params: {'max_depth': 5, 'min_child_weight': 4}"
31,"mean: 0.78441, std: 0.00142, params: {'max_depth': 5, 'min_child_weight': 5}"
32,"mean: 0.78421, std: 0.00142, params: {'max_depth': 5, 'min_child_weight': 6}"
33,"mean: 0.78412, std: 0.00148, params: {'max_depth': 5, 'min_child_weight': 10}"
34,"mean: 0.78424, std: 0.00144, params: {'max_depth': 5, 'min_child_weight': 15}"
35,"mean: 0.78348, std: 0.00145, params: {'max_depth': 5, 'min_child_weight': 100}"
36,"mean: 0.78830, std: 0.00146, params: {'max_depth': 6, 'min_child_weight': 1}"
37,"mean: 0.78836, std: 0.00150, params: {'max_depth': 6, 'min_child_weight': 2}"
38,"mean: 0.78825, std: 0.00149, params: {'max_depth': 6, 'min_child_weight': 3}"
39,"mean: 0.78825, std: 0.00151, params: {'max_depth': 6, 'min_child_weight': 4}"
40,"mean: 0.78831, std: 0.00155, params: {'max_depth': 6, 'min_child_weight': 5}"
41,"mean: 0.78813, std: 0.00162, params: {'max_depth': 6, 'min_child_weight': 6}"
42,"mean: 0.78825, std: 0.00154, params: {'max_depth': 6, 'min_child_weight': 10}"
43,"mean: 0.78801, std: 0.00150, params: {'max_depth': 6, 'min_child_weight': 15}"
44,"mean: 0.78638, std: 0.00144, params: {'max_depth': 6, 'min_child_weight': 100}"
