0,"mean: -0.33972, std: 0.00164, params: {'n_estimators': 750, 'subsample': 0.8, 'colsample_bytree': 0.3, 'max_depth': 6}"
1,"mean: -0.33953, std: 0.00138, params: {'n_estimators': 750, 'subsample': 0.9, 'colsample_bytree': 0.3, 'max_depth': 6}"
2,"mean: -0.33937, std: 0.00160, params: {'n_estimators': 750, 'subsample': 1.0, 'colsample_bytree': 0.3, 'max_depth': 6}"
3,"mean: -0.33934, std: 0.00163, params: {'n_estimators': 800, 'subsample': 0.8, 'colsample_bytree': 0.3, 'max_depth': 6}"
4,"mean: -0.33912, std: 0.00141, params: {'n_estimators': 800, 'subsample': 0.9, 'colsample_bytree': 0.3, 'max_depth': 6}"
5,"mean: -0.33899, std: 0.00160, params: {'n_estimators': 800, 'subsample': 1.0, 'colsample_bytree': 0.3, 'max_depth': 6}"
6,"mean: -0.33900, std: 0.00163, params: {'n_estimators': 850, 'subsample': 0.8, 'colsample_bytree': 0.3, 'max_depth': 6}"
7,"mean: -0.33871, std: 0.00145, params: {'n_estimators': 850, 'subsample': 0.9, 'colsample_bytree': 0.3, 'max_depth': 6}"
8,"mean: -0.33864, std: 0.00158, params: {'n_estimators': 850, 'subsample': 1.0, 'colsample_bytree': 0.3, 'max_depth': 6}"
9,"mean: -0.33869, std: 0.00162, params: {'n_estimators': 900, 'subsample': 0.8, 'colsample_bytree': 0.3, 'max_depth': 6}"
10,"mean: -0.33843, std: 0.00146, params: {'n_estimators': 900, 'subsample': 0.9, 'colsample_bytree': 0.3, 'max_depth': 6}"
11,"mean: -0.33835, std: 0.00160, params: {'n_estimators': 900, 'subsample': 1.0, 'colsample_bytree': 0.3, 'max_depth': 6}"
12,"mean: -0.33841, std: 0.00161, params: {'n_estimators': 950, 'subsample': 0.8, 'colsample_bytree': 0.3, 'max_depth': 6}"
13,"mean: -0.33811, std: 0.00150, params: {'n_estimators': 950, 'subsample': 0.9, 'colsample_bytree': 0.3, 'max_depth': 6}"
14,"mean: -0.33807, std: 0.00162, params: {'n_estimators': 950, 'subsample': 1.0, 'colsample_bytree': 0.3, 'max_depth': 6}"
15,"mean: -0.37347, std: 0.00130, params: {'n_estimators': 100, 'subsample': 0.8, 'colsample_bytree': 0.3, 'max_depth': 6}"
16,"mean: -0.37340, std: 0.00128, params: {'n_estimators': 100, 'subsample': 0.9, 'colsample_bytree': 0.3, 'max_depth': 6}"
17,"mean: -0.37062, std: 0.00126, params: {'n_estimators': 100, 'subsample': 1.0, 'colsample_bytree': 0.3, 'max_depth': 6}"
18,"mean: -0.33771, std: 0.00143, params: {'n_estimators': 750, 'subsample': 0.8, 'colsample_bytree': 0.3, 'max_depth': 7}"
19,"mean: -0.33743, std: 0.00167, params: {'n_estimators': 750, 'subsample': 0.9, 'colsample_bytree': 0.3, 'max_depth': 7}"
20,"mean: -0.33723, std: 0.00166, params: {'n_estimators': 750, 'subsample': 1.0, 'colsample_bytree': 0.3, 'max_depth': 7}"
21,"mean: -0.33740, std: 0.00145, params: {'n_estimators': 800, 'subsample': 0.8, 'colsample_bytree': 0.3, 'max_depth': 7}"
22,"mean: -0.33710, std: 0.00165, params: {'n_estimators': 800, 'subsample': 0.9, 'colsample_bytree': 0.3, 'max_depth': 7}"
23,"mean: -0.33696, std: 0.00168, params: {'n_estimators': 800, 'subsample': 1.0, 'colsample_bytree': 0.3, 'max_depth': 7}"
24,"mean: -0.33711, std: 0.00147, params: {'n_estimators': 850, 'subsample': 0.8, 'colsample_bytree': 0.3, 'max_depth': 7}"
25,"mean: -0.33674, std: 0.00169, params: {'n_estimators': 850, 'subsample': 0.9, 'colsample_bytree': 0.3, 'max_depth': 7}"
26,"mean: -0.33662, std: 0.00173, params: {'n_estimators': 850, 'subsample': 1.0, 'colsample_bytree': 0.3, 'max_depth': 7}"
27,"mean: -0.33691, std: 0.00151, params: {'n_estimators': 900, 'subsample': 0.8, 'colsample_bytree': 0.3, 'max_depth': 7}"
28,"mean: -0.33649, std: 0.00171, params: {'n_estimators': 900, 'subsample': 0.9, 'colsample_bytree': 0.3, 'max_depth': 7}"
29,"mean: -0.33641, std: 0.00174, params: {'n_estimators': 900, 'subsample': 1.0, 'colsample_bytree': 0.3, 'max_depth': 7}"
30,"mean: -0.33670, std: 0.00152, params: {'n_estimators': 950, 'subsample': 0.8, 'colsample_bytree': 0.3, 'max_depth': 7}"
31,"mean: -0.33628, std: 0.00177, params: {'n_estimators': 950, 'subsample': 0.9, 'colsample_bytree': 0.3, 'max_depth': 7}"
32,"mean: -0.33619, std: 0.00175, params: {'n_estimators': 950, 'subsample': 1.0, 'colsample_bytree': 0.3, 'max_depth': 7}"
33,"mean: -0.36951, std: 0.00137, params: {'n_estimators': 100, 'subsample': 0.8, 'colsample_bytree': 0.3, 'max_depth': 7}"
34,"mean: -0.36920, std: 0.00144, params: {'n_estimators': 100, 'subsample': 0.9, 'colsample_bytree': 0.3, 'max_depth': 7}"
35,"mean: -0.36687, std: 0.00134, params: {'n_estimators': 100, 'subsample': 1.0, 'colsample_bytree': 0.3, 'max_depth': 7}"
36,"mean: -0.33648, std: 0.00172, params: {'n_estimators': 750, 'subsample': 0.8, 'colsample_bytree': 0.3, 'max_depth': 8}"
37,"mean: -0.33605, std: 0.00171, params: {'n_estimators': 750, 'subsample': 0.9, 'colsample_bytree': 0.3, 'max_depth': 8}"
38,"mean: -0.33603, std: 0.00153, params: {'n_estimators': 750, 'subsample': 1.0, 'colsample_bytree': 0.3, 'max_depth': 8}"
39,"mean: -0.33627, std: 0.00173, params: {'n_estimators': 800, 'subsample': 0.8, 'colsample_bytree': 0.3, 'max_depth': 8}"
40,"mean: -0.33579, std: 0.00170, params: {'n_estimators': 800, 'subsample': 0.9, 'colsample_bytree': 0.3, 'max_depth': 8}"
41,"mean: -0.33576, std: 0.00161, params: {'n_estimators': 800, 'subsample': 1.0, 'colsample_bytree': 0.3, 'max_depth': 8}"
42,"mean: -0.33608, std: 0.00170, params: {'n_estimators': 850, 'subsample': 0.8, 'colsample_bytree': 0.3, 'max_depth': 8}"
43,"mean: -0.33553, std: 0.00173, params: {'n_estimators': 850, 'subsample': 0.9, 'colsample_bytree': 0.3, 'max_depth': 8}"
44,"mean: -0.33550, std: 0.00165, params: {'n_estimators': 850, 'subsample': 1.0, 'colsample_bytree': 0.3, 'max_depth': 8}"
45,"mean: -0.33597, std: 0.00172, params: {'n_estimators': 900, 'subsample': 0.8, 'colsample_bytree': 0.3, 'max_depth': 8}"
46,"mean: -0.33535, std: 0.00182, params: {'n_estimators': 900, 'subsample': 0.9, 'colsample_bytree': 0.3, 'max_depth': 8}"
47,"mean: -0.33531, std: 0.00168, params: {'n_estimators': 900, 'subsample': 1.0, 'colsample_bytree': 0.3, 'max_depth': 8}"
48,"mean: -0.33584, std: 0.00175, params: {'n_estimators': 950, 'subsample': 0.8, 'colsample_bytree': 0.3, 'max_depth': 8}"
49,"mean: -0.33519, std: 0.00183, params: {'n_estimators': 950, 'subsample': 0.9, 'colsample_bytree': 0.3, 'max_depth': 8}"
50,"mean: -0.33515, std: 0.00166, params: {'n_estimators': 950, 'subsample': 1.0, 'colsample_bytree': 0.3, 'max_depth': 8}"
51,"mean: -0.36635, std: 0.00140, params: {'n_estimators': 100, 'subsample': 0.8, 'colsample_bytree': 0.3, 'max_depth': 8}"
52,"mean: -0.36621, std: 0.00147, params: {'n_estimators': 100, 'subsample': 0.9, 'colsample_bytree': 0.3, 'max_depth': 8}"
53,"mean: -0.36394, std: 0.00131, params: {'n_estimators': 100, 'subsample': 1.0, 'colsample_bytree': 0.3, 'max_depth': 8}"
54,"mean: -0.33600, std: 0.00181, params: {'n_estimators': 750, 'subsample': 0.8, 'colsample_bytree': 0.3, 'max_depth': 9}"
55,"mean: -0.33545, std: 0.00179, params: {'n_estimators': 750, 'subsample': 0.9, 'colsample_bytree': 0.3, 'max_depth': 9}"
56,"mean: -0.33528, std: 0.00173, params: {'n_estimators': 750, 'subsample': 1.0, 'colsample_bytree': 0.3, 'max_depth': 9}"
57,"mean: -0.33588, std: 0.00183, params: {'n_estimators': 800, 'subsample': 0.8, 'colsample_bytree': 0.3, 'max_depth': 9}"
58,"mean: -0.33531, std: 0.00179, params: {'n_estimators': 800, 'subsample': 0.9, 'colsample_bytree': 0.3, 'max_depth': 9}"
59,"mean: -0.33514, std: 0.00175, params: {'n_estimators': 800, 'subsample': 1.0, 'colsample_bytree': 0.3, 'max_depth': 9}"
60,"mean: -0.33581, std: 0.00187, params: {'n_estimators': 850, 'subsample': 0.8, 'colsample_bytree': 0.3, 'max_depth': 9}"
61,"mean: -0.33517, std: 0.00181, params: {'n_estimators': 850, 'subsample': 0.9, 'colsample_bytree': 0.3, 'max_depth': 9}"
62,"mean: -0.33498, std: 0.00179, params: {'n_estimators': 850, 'subsample': 1.0, 'colsample_bytree': 0.3, 'max_depth': 9}"
63,"mean: -0.33572, std: 0.00185, params: {'n_estimators': 900, 'subsample': 0.8, 'colsample_bytree': 0.3, 'max_depth': 9}"
64,"mean: -0.33507, std: 0.00182, params: {'n_estimators': 900, 'subsample': 0.9, 'colsample_bytree': 0.3, 'max_depth': 9}"
65,"mean: -0.33490, std: 0.00183, params: {'n_estimators': 900, 'subsample': 1.0, 'colsample_bytree': 0.3, 'max_depth': 9}"
66,"mean: -0.33570, std: 0.00192, params: {'n_estimators': 950, 'subsample': 0.8, 'colsample_bytree': 0.3, 'max_depth': 9}"
67,"mean: -0.33507, std: 0.00188, params: {'n_estimators': 950, 'subsample': 0.9, 'colsample_bytree': 0.3, 'max_depth': 9}"
68,"mean: -0.33488, std: 0.00181, params: {'n_estimators': 950, 'subsample': 1.0, 'colsample_bytree': 0.3, 'max_depth': 9}"
69,"mean: -0.36385, std: 0.00152, params: {'n_estimators': 100, 'subsample': 0.8, 'colsample_bytree': 0.3, 'max_depth': 9}"
70,"mean: -0.36360, std: 0.00150, params: {'n_estimators': 100, 'subsample': 0.9, 'colsample_bytree': 0.3, 'max_depth': 9}"
71,"mean: -0.36169, std: 0.00136, params: {'n_estimators': 100, 'subsample': 1.0, 'colsample_bytree': 0.3, 'max_depth': 9}"
72,"mean: -0.33798, std: 0.00167, params: {'n_estimators': 750, 'subsample': 0.8, 'colsample_bytree': 0.4, 'max_depth': 6}"
73,"mean: -0.33807, std: 0.00141, params: {'n_estimators': 750, 'subsample': 0.9, 'colsample_bytree': 0.4, 'max_depth': 6}"
74,"mean: -0.33787, std: 0.00168, params: {'n_estimators': 750, 'subsample': 1.0, 'colsample_bytree': 0.4, 'max_depth': 6}"
75,"mean: -0.33765, std: 0.00168, params: {'n_estimators': 800, 'subsample': 0.8, 'colsample_bytree': 0.4, 'max_depth': 6}"
76,"mean: -0.33772, std: 0.00147, params: {'n_estimators': 800, 'subsample': 0.9, 'colsample_bytree': 0.4, 'max_depth': 6}"
77,"mean: -0.33753, std: 0.00167, params: {'n_estimators': 800, 'subsample': 1.0, 'colsample_bytree': 0.4, 'max_depth': 6}"
78,"mean: -0.33736, std: 0.00169, params: {'n_estimators': 850, 'subsample': 0.8, 'colsample_bytree': 0.4, 'max_depth': 6}"
79,"mean: -0.33743, std: 0.00153, params: {'n_estimators': 850, 'subsample': 0.9, 'colsample_bytree': 0.4, 'max_depth': 6}"
80,"mean: -0.33728, std: 0.00167, params: {'n_estimators': 850, 'subsample': 1.0, 'colsample_bytree': 0.4, 'max_depth': 6}"
81,"mean: -0.33712, std: 0.00174, params: {'n_estimators': 900, 'subsample': 0.8, 'colsample_bytree': 0.4, 'max_depth': 6}"
82,"mean: -0.33718, std: 0.00153, params: {'n_estimators': 900, 'subsample': 0.9, 'colsample_bytree': 0.4, 'max_depth': 6}"
83,"mean: -0.33708, std: 0.00165, params: {'n_estimators': 900, 'subsample': 1.0, 'colsample_bytree': 0.4, 'max_depth': 6}"
84,"mean: -0.33689, std: 0.00176, params: {'n_estimators': 950, 'subsample': 0.8, 'colsample_bytree': 0.4, 'max_depth': 6}"
85,"mean: -0.33690, std: 0.00156, params: {'n_estimators': 950, 'subsample': 0.9, 'colsample_bytree': 0.4, 'max_depth': 6}"
86,"mean: -0.33678, std: 0.00163, params: {'n_estimators': 950, 'subsample': 1.0, 'colsample_bytree': 0.4, 'max_depth': 6}"
87,"mean: -0.36321, std: 0.00136, params: {'n_estimators': 100, 'subsample': 0.8, 'colsample_bytree': 0.4, 'max_depth': 6}"
88,"mean: -0.36321, std: 0.00132, params: {'n_estimators': 100, 'subsample': 0.9, 'colsample_bytree': 0.4, 'max_depth': 6}"
89,"mean: -0.36135, std: 0.00123, params: {'n_estimators': 100, 'subsample': 1.0, 'colsample_bytree': 0.4, 'max_depth': 6}"
90,"mean: -0.33614, std: 0.00168, params: {'n_estimators': 750, 'subsample': 0.8, 'colsample_bytree': 0.4, 'max_depth': 7}"
91,"mean: -0.33617, std: 0.00176, params: {'n_estimators': 750, 'subsample': 0.9, 'colsample_bytree': 0.4, 'max_depth': 7}"
92,"mean: -0.33615, std: 0.00165, params: {'n_estimators': 750, 'subsample': 1.0, 'colsample_bytree': 0.4, 'max_depth': 7}"
93,"mean: -0.33590, std: 0.00169, params: {'n_estimators': 800, 'subsample': 0.8, 'colsample_bytree': 0.4, 'max_depth': 7}"
94,"mean: -0.33585, std: 0.00181, params: {'n_estimators': 800, 'subsample': 0.9, 'colsample_bytree': 0.4, 'max_depth': 7}"
95,"mean: -0.33587, std: 0.00171, params: {'n_estimators': 800, 'subsample': 1.0, 'colsample_bytree': 0.4, 'max_depth': 7}"
96,"mean: -0.33570, std: 0.00172, params: {'n_estimators': 850, 'subsample': 0.8, 'colsample_bytree': 0.4, 'max_depth': 7}"
97,"mean: -0.33559, std: 0.00182, params: {'n_estimators': 850, 'subsample': 0.9, 'colsample_bytree': 0.4, 'max_depth': 7}"
98,"mean: -0.33570, std: 0.00176, params: {'n_estimators': 850, 'subsample': 1.0, 'colsample_bytree': 0.4, 'max_depth': 7}"
99,"mean: -0.33555, std: 0.00177, params: {'n_estimators': 900, 'subsample': 0.8, 'colsample_bytree': 0.4, 'max_depth': 7}"
100,"mean: -0.33537, std: 0.00182, params: {'n_estimators': 900, 'subsample': 0.9, 'colsample_bytree': 0.4, 'max_depth': 7}"
101,"mean: -0.33551, std: 0.00185, params: {'n_estimators': 900, 'subsample': 1.0, 'colsample_bytree': 0.4, 'max_depth': 7}"
102,"mean: -0.33539, std: 0.00177, params: {'n_estimators': 950, 'subsample': 0.8, 'colsample_bytree': 0.4, 'max_depth': 7}"
103,"mean: -0.33518, std: 0.00185, params: {'n_estimators': 950, 'subsample': 0.9, 'colsample_bytree': 0.4, 'max_depth': 7}"
104,"mean: -0.33530, std: 0.00186, params: {'n_estimators': 950, 'subsample': 1.0, 'colsample_bytree': 0.4, 'max_depth': 7}"
105,"mean: -0.35886, std: 0.00123, params: {'n_estimators': 100, 'subsample': 0.8, 'colsample_bytree': 0.4, 'max_depth': 7}"
106,"mean: -0.35869, std: 0.00129, params: {'n_estimators': 100, 'subsample': 0.9, 'colsample_bytree': 0.4, 'max_depth': 7}"
107,"mean: -0.35700, std: 0.00148, params: {'n_estimators': 100, 'subsample': 1.0, 'colsample_bytree': 0.4, 'max_depth': 7}"
108,"mean: -0.33501, std: 0.00182, params: {'n_estimators': 750, 'subsample': 0.8, 'colsample_bytree': 0.4, 'max_depth': 8}"
109,"mean: -0.33452, std: 0.00171, params: {'n_estimators': 750, 'subsample': 0.9, 'colsample_bytree': 0.4, 'max_depth': 8}"
110,"mean: -0.33491, std: 0.00183, params: {'n_estimators': 750, 'subsample': 1.0, 'colsample_bytree': 0.4, 'max_depth': 8}"
111,"mean: -0.33484, std: 0.00183, params: {'n_estimators': 800, 'subsample': 0.8, 'colsample_bytree': 0.4, 'max_depth': 8}"
112,"mean: -0.33431, std: 0.00178, params: {'n_estimators': 800, 'subsample': 0.9, 'colsample_bytree': 0.4, 'max_depth': 8}"
113,"mean: -0.33476, std: 0.00178, params: {'n_estimators': 800, 'subsample': 1.0, 'colsample_bytree': 0.4, 'max_depth': 8}"
114,"mean: -0.33468, std: 0.00185, params: {'n_estimators': 850, 'subsample': 0.8, 'colsample_bytree': 0.4, 'max_depth': 8}"
115,"mean: -0.33415, std: 0.00179, params: {'n_estimators': 850, 'subsample': 0.9, 'colsample_bytree': 0.4, 'max_depth': 8}"
116,"mean: -0.33459, std: 0.00179, params: {'n_estimators': 850, 'subsample': 1.0, 'colsample_bytree': 0.4, 'max_depth': 8}"
117,"mean: -0.33459, std: 0.00189, params: {'n_estimators': 900, 'subsample': 0.8, 'colsample_bytree': 0.4, 'max_depth': 8}"
118,"mean: -0.33402, std: 0.00176, params: {'n_estimators': 900, 'subsample': 0.9, 'colsample_bytree': 0.4, 'max_depth': 8}"
119,"mean: -0.33446, std: 0.00180, params: {'n_estimators': 900, 'subsample': 1.0, 'colsample_bytree': 0.4, 'max_depth': 8}"
120,"mean: -0.33450, std: 0.00191, params: {'n_estimators': 950, 'subsample': 0.8, 'colsample_bytree': 0.4, 'max_depth': 8}"
121,"mean: -0.33391, std: 0.00182, params: {'n_estimators': 950, 'subsample': 0.9, 'colsample_bytree': 0.4, 'max_depth': 8}"
122,"mean: -0.33430, std: 0.00182, params: {'n_estimators': 950, 'subsample': 1.0, 'colsample_bytree': 0.4, 'max_depth': 8}"
123,"mean: -0.35563, std: 0.00144, params: {'n_estimators': 100, 'subsample': 0.8, 'colsample_bytree': 0.4, 'max_depth': 8}"
124,"mean: -0.35517, std: 0.00129, params: {'n_estimators': 100, 'subsample': 0.9, 'colsample_bytree': 0.4, 'max_depth': 8}"
125,"mean: -0.35358, std: 0.00134, params: {'n_estimators': 100, 'subsample': 1.0, 'colsample_bytree': 0.4, 'max_depth': 8}"
126,"mean: -0.33453, std: 0.00182, params: {'n_estimators': 750, 'subsample': 0.8, 'colsample_bytree': 0.4, 'max_depth': 9}"
127,"mean: -0.33419, std: 0.00182, params: {'n_estimators': 750, 'subsample': 0.9, 'colsample_bytree': 0.4, 'max_depth': 9}"
128,"mean: -0.33417, std: 0.00190, params: {'n_estimators': 750, 'subsample': 1.0, 'colsample_bytree': 0.4, 'max_depth': 9}"
129,"mean: -0.33453, std: 0.00185, params: {'n_estimators': 800, 'subsample': 0.8, 'colsample_bytree': 0.4, 'max_depth': 9}"
130,"mean: -0.33415, std: 0.00184, params: {'n_estimators': 800, 'subsample': 0.9, 'colsample_bytree': 0.4, 'max_depth': 9}"
131,"mean: -0.33404, std: 0.00190, params: {'n_estimators': 800, 'subsample': 1.0, 'colsample_bytree': 0.4, 'max_depth': 9}"
132,"mean: -0.33455, std: 0.00189, params: {'n_estimators': 850, 'subsample': 0.8, 'colsample_bytree': 0.4, 'max_depth': 9}"
133,"mean: -0.33408, std: 0.00189, params: {'n_estimators': 850, 'subsample': 0.9, 'colsample_bytree': 0.4, 'max_depth': 9}"
134,"mean: -0.33398, std: 0.00192, params: {'n_estimators': 850, 'subsample': 1.0, 'colsample_bytree': 0.4, 'max_depth': 9}"
135,"mean: -0.33459, std: 0.00192, params: {'n_estimators': 900, 'subsample': 0.8, 'colsample_bytree': 0.4, 'max_depth': 9}"
136,"mean: -0.33405, std: 0.00190, params: {'n_estimators': 900, 'subsample': 0.9, 'colsample_bytree': 0.4, 'max_depth': 9}"
137,"mean: -0.33394, std: 0.00188, params: {'n_estimators': 900, 'subsample': 1.0, 'colsample_bytree': 0.4, 'max_depth': 9}"
138,"mean: -0.33470, std: 0.00191, params: {'n_estimators': 950, 'subsample': 0.8, 'colsample_bytree': 0.4, 'max_depth': 9}"
139,"mean: -0.33406, std: 0.00194, params: {'n_estimators': 950, 'subsample': 0.9, 'colsample_bytree': 0.4, 'max_depth': 9}"
140,"mean: -0.33392, std: 0.00190, params: {'n_estimators': 950, 'subsample': 1.0, 'colsample_bytree': 0.4, 'max_depth': 9}"
141,"mean: -0.35295, std: 0.00134, params: {'n_estimators': 100, 'subsample': 0.8, 'colsample_bytree': 0.4, 'max_depth': 9}"
142,"mean: -0.35267, std: 0.00132, params: {'n_estimators': 100, 'subsample': 0.9, 'colsample_bytree': 0.4, 'max_depth': 9}"
143,"mean: -0.35099, std: 0.00133, params: {'n_estimators': 100, 'subsample': 1.0, 'colsample_bytree': 0.4, 'max_depth': 9}"
144,"mean: -0.33745, std: 0.00181, params: {'n_estimators': 750, 'subsample': 0.8, 'colsample_bytree': 0.5, 'max_depth': 6}"
145,"mean: -0.33760, std: 0.00166, params: {'n_estimators': 750, 'subsample': 0.9, 'colsample_bytree': 0.5, 'max_depth': 6}"
146,"mean: -0.33761, std: 0.00158, params: {'n_estimators': 750, 'subsample': 1.0, 'colsample_bytree': 0.5, 'max_depth': 6}"
147,"mean: -0.33716, std: 0.00179, params: {'n_estimators': 800, 'subsample': 0.8, 'colsample_bytree': 0.5, 'max_depth': 6}"
148,"mean: -0.33727, std: 0.00173, params: {'n_estimators': 800, 'subsample': 0.9, 'colsample_bytree': 0.5, 'max_depth': 6}"
149,"mean: -0.33731, std: 0.00157, params: {'n_estimators': 800, 'subsample': 1.0, 'colsample_bytree': 0.5, 'max_depth': 6}"
150,"mean: -0.33688, std: 0.00182, params: {'n_estimators': 850, 'subsample': 0.8, 'colsample_bytree': 0.5, 'max_depth': 6}"
151,"mean: -0.33697, std: 0.00174, params: {'n_estimators': 850, 'subsample': 0.9, 'colsample_bytree': 0.5, 'max_depth': 6}"
152,"mean: -0.33704, std: 0.00155, params: {'n_estimators': 850, 'subsample': 1.0, 'colsample_bytree': 0.5, 'max_depth': 6}"
153,"mean: -0.33668, std: 0.00181, params: {'n_estimators': 900, 'subsample': 0.8, 'colsample_bytree': 0.5, 'max_depth': 6}"
154,"mean: -0.33673, std: 0.00176, params: {'n_estimators': 900, 'subsample': 0.9, 'colsample_bytree': 0.5, 'max_depth': 6}"
155,"mean: -0.33679, std: 0.00157, params: {'n_estimators': 900, 'subsample': 1.0, 'colsample_bytree': 0.5, 'max_depth': 6}"
156,"mean: -0.33646, std: 0.00183, params: {'n_estimators': 950, 'subsample': 0.8, 'colsample_bytree': 0.5, 'max_depth': 6}"
157,"mean: -0.33650, std: 0.00179, params: {'n_estimators': 950, 'subsample': 0.9, 'colsample_bytree': 0.5, 'max_depth': 6}"
158,"mean: -0.33655, std: 0.00166, params: {'n_estimators': 950, 'subsample': 1.0, 'colsample_bytree': 0.5, 'max_depth': 6}"
159,"mean: -0.35941, std: 0.00141, params: {'n_estimators': 100, 'subsample': 0.8, 'colsample_bytree': 0.5, 'max_depth': 6}"
160,"mean: -0.35930, std: 0.00124, params: {'n_estimators': 100, 'subsample': 0.9, 'colsample_bytree': 0.5, 'max_depth': 6}"
161,"mean: -0.35906, std: 0.00137, params: {'n_estimators': 100, 'subsample': 1.0, 'colsample_bytree': 0.5, 'max_depth': 6}"
162,"mean: -0.33555, std: 0.00172, params: {'n_estimators': 750, 'subsample': 0.8, 'colsample_bytree': 0.5, 'max_depth': 7}"
163,"mean: -0.33574, std: 0.00180, params: {'n_estimators': 750, 'subsample': 0.9, 'colsample_bytree': 0.5, 'max_depth': 7}"
164,"mean: -0.33590, std: 0.00163, params: {'n_estimators': 750, 'subsample': 1.0, 'colsample_bytree': 0.5, 'max_depth': 7}"
165,"mean: -0.33532, std: 0.00173, params: {'n_estimators': 800, 'subsample': 0.8, 'colsample_bytree': 0.5, 'max_depth': 7}"
166,"mean: -0.33546, std: 0.00186, params: {'n_estimators': 800, 'subsample': 0.9, 'colsample_bytree': 0.5, 'max_depth': 7}"
167,"mean: -0.33570, std: 0.00164, params: {'n_estimators': 800, 'subsample': 1.0, 'colsample_bytree': 0.5, 'max_depth': 7}"
168,"mean: -0.33511, std: 0.00172, params: {'n_estimators': 850, 'subsample': 0.8, 'colsample_bytree': 0.5, 'max_depth': 7}"
169,"mean: -0.33520, std: 0.00190, params: {'n_estimators': 850, 'subsample': 0.9, 'colsample_bytree': 0.5, 'max_depth': 7}"
170,"mean: -0.33550, std: 0.00166, params: {'n_estimators': 850, 'subsample': 1.0, 'colsample_bytree': 0.5, 'max_depth': 7}"
171,"mean: -0.33495, std: 0.00177, params: {'n_estimators': 900, 'subsample': 0.8, 'colsample_bytree': 0.5, 'max_depth': 7}"
172,"mean: -0.33502, std: 0.00194, params: {'n_estimators': 900, 'subsample': 0.9, 'colsample_bytree': 0.5, 'max_depth': 7}"
173,"mean: -0.33525, std: 0.00167, params: {'n_estimators': 900, 'subsample': 1.0, 'colsample_bytree': 0.5, 'max_depth': 7}"
174,"mean: -0.33479, std: 0.00179, params: {'n_estimators': 950, 'subsample': 0.8, 'colsample_bytree': 0.5, 'max_depth': 7}"
175,"mean: -0.33487, std: 0.00198, params: {'n_estimators': 950, 'subsample': 0.9, 'colsample_bytree': 0.5, 'max_depth': 7}"
176,"mean: -0.33507, std: 0.00167, params: {'n_estimators': 950, 'subsample': 1.0, 'colsample_bytree': 0.5, 'max_depth': 7}"
177,"mean: -0.35497, std: 0.00139, params: {'n_estimators': 100, 'subsample': 0.8, 'colsample_bytree': 0.5, 'max_depth': 7}"
178,"mean: -0.35484, std: 0.00136, params: {'n_estimators': 100, 'subsample': 0.9, 'colsample_bytree': 0.5, 'max_depth': 7}"
179,"mean: -0.35447, std: 0.00123, params: {'n_estimators': 100, 'subsample': 1.0, 'colsample_bytree': 0.5, 'max_depth': 7}"
180,"mean: -0.33450, std: 0.00175, params: {'n_estimators': 750, 'subsample': 0.8, 'colsample_bytree': 0.5, 'max_depth': 8}"
181,"mean: -0.33430, std: 0.00184, params: {'n_estimators': 750, 'subsample': 0.9, 'colsample_bytree': 0.5, 'max_depth': 8}"
182,"mean: -0.33440, std: 0.00172, params: {'n_estimators': 750, 'subsample': 1.0, 'colsample_bytree': 0.5, 'max_depth': 8}"
183,"mean: -0.33433, std: 0.00175, params: {'n_estimators': 800, 'subsample': 0.8, 'colsample_bytree': 0.5, 'max_depth': 8}"
184,"mean: -0.33413, std: 0.00192, params: {'n_estimators': 800, 'subsample': 0.9, 'colsample_bytree': 0.5, 'max_depth': 8}"
185,"mean: -0.33420, std: 0.00177, params: {'n_estimators': 800, 'subsample': 1.0, 'colsample_bytree': 0.5, 'max_depth': 8}"
186,"mean: -0.33423, std: 0.00173, params: {'n_estimators': 850, 'subsample': 0.8, 'colsample_bytree': 0.5, 'max_depth': 8}"
187,"mean: -0.33395, std: 0.00198, params: {'n_estimators': 850, 'subsample': 0.9, 'colsample_bytree': 0.5, 'max_depth': 8}"
188,"mean: -0.33406, std: 0.00184, params: {'n_estimators': 850, 'subsample': 1.0, 'colsample_bytree': 0.5, 'max_depth': 8}"
189,"mean: -0.33419, std: 0.00174, params: {'n_estimators': 900, 'subsample': 0.8, 'colsample_bytree': 0.5, 'max_depth': 8}"
190,"mean: -0.33387, std: 0.00203, params: {'n_estimators': 900, 'subsample': 0.9, 'colsample_bytree': 0.5, 'max_depth': 8}"
191,"mean: -0.33393, std: 0.00187, params: {'n_estimators': 900, 'subsample': 1.0, 'colsample_bytree': 0.5, 'max_depth': 8}"
192,"mean: -0.33416, std: 0.00175, params: {'n_estimators': 950, 'subsample': 0.8, 'colsample_bytree': 0.5, 'max_depth': 8}"
193,"mean: -0.33381, std: 0.00206, params: {'n_estimators': 950, 'subsample': 0.9, 'colsample_bytree': 0.5, 'max_depth': 8}"
194,"mean: -0.33381, std: 0.00190, params: {'n_estimators': 950, 'subsample': 1.0, 'colsample_bytree': 0.5, 'max_depth': 8}"
195,"mean: -0.35164, std: 0.00138, params: {'n_estimators': 100, 'subsample': 0.8, 'colsample_bytree': 0.5, 'max_depth': 8}"
196,"mean: -0.35161, std: 0.00125, params: {'n_estimators': 100, 'subsample': 0.9, 'colsample_bytree': 0.5, 'max_depth': 8}"
197,"mean: -0.35091, std: 0.00144, params: {'n_estimators': 100, 'subsample': 1.0, 'colsample_bytree': 0.5, 'max_depth': 8}"
198,"mean: -0.33412, std: 0.00183, params: {'n_estimators': 750, 'subsample': 0.8, 'colsample_bytree': 0.5, 'max_depth': 9}"
199,"mean: -0.33383, std: 0.00204, params: {'n_estimators': 750, 'subsample': 0.9, 'colsample_bytree': 0.5, 'max_depth': 9}"
200,"mean: -0.33369, std: 0.00203, params: {'n_estimators': 750, 'subsample': 1.0, 'colsample_bytree': 0.5, 'max_depth': 9}"
201,"mean: -0.33414, std: 0.00185, params: {'n_estimators': 800, 'subsample': 0.8, 'colsample_bytree': 0.5, 'max_depth': 9}"
202,"mean: -0.33375, std: 0.00205, params: {'n_estimators': 800, 'subsample': 0.9, 'colsample_bytree': 0.5, 'max_depth': 9}"
203,"mean: -0.33366, std: 0.00209, params: {'n_estimators': 800, 'subsample': 1.0, 'colsample_bytree': 0.5, 'max_depth': 9}"
204,"mean: -0.33415, std: 0.00189, params: {'n_estimators': 850, 'subsample': 0.8, 'colsample_bytree': 0.5, 'max_depth': 9}"
205,"mean: -0.33376, std: 0.00210, params: {'n_estimators': 850, 'subsample': 0.9, 'colsample_bytree': 0.5, 'max_depth': 9}"
206,"mean: -0.33366, std: 0.00210, params: {'n_estimators': 850, 'subsample': 1.0, 'colsample_bytree': 0.5, 'max_depth': 9}"
207,"mean: -0.33427, std: 0.00189, params: {'n_estimators': 900, 'subsample': 0.8, 'colsample_bytree': 0.5, 'max_depth': 9}"
208,"mean: -0.33379, std: 0.00214, params: {'n_estimators': 900, 'subsample': 0.9, 'colsample_bytree': 0.5, 'max_depth': 9}"
209,"mean: -0.33365, std: 0.00210, params: {'n_estimators': 900, 'subsample': 1.0, 'colsample_bytree': 0.5, 'max_depth': 9}"
210,"mean: -0.33433, std: 0.00194, params: {'n_estimators': 950, 'subsample': 0.8, 'colsample_bytree': 0.5, 'max_depth': 9}"
211,"mean: -0.33385, std: 0.00218, params: {'n_estimators': 950, 'subsample': 0.9, 'colsample_bytree': 0.5, 'max_depth': 9}"
212,"mean: -0.33368, std: 0.00211, params: {'n_estimators': 950, 'subsample': 1.0, 'colsample_bytree': 0.5, 'max_depth': 9}"
213,"mean: -0.34890, std: 0.00147, params: {'n_estimators': 100, 'subsample': 0.8, 'colsample_bytree': 0.5, 'max_depth': 9}"
214,"mean: -0.34877, std: 0.00144, params: {'n_estimators': 100, 'subsample': 0.9, 'colsample_bytree': 0.5, 'max_depth': 9}"
215,"mean: -0.34816, std: 0.00129, params: {'n_estimators': 100, 'subsample': 1.0, 'colsample_bytree': 0.5, 'max_depth': 9}"
216,"mean: -0.33700, std: 0.00177, params: {'n_estimators': 750, 'subsample': 0.8, 'colsample_bytree': 0.6, 'max_depth': 6}"
217,"mean: -0.33707, std: 0.00194, params: {'n_estimators': 750, 'subsample': 0.9, 'colsample_bytree': 0.6, 'max_depth': 6}"
218,"mean: -0.33736, std: 0.00193, params: {'n_estimators': 750, 'subsample': 1.0, 'colsample_bytree': 0.6, 'max_depth': 6}"
219,"mean: -0.33673, std: 0.00181, params: {'n_estimators': 800, 'subsample': 0.8, 'colsample_bytree': 0.6, 'max_depth': 6}"
220,"mean: -0.33676, std: 0.00195, params: {'n_estimators': 800, 'subsample': 0.9, 'colsample_bytree': 0.6, 'max_depth': 6}"
221,"mean: -0.33704, std: 0.00190, params: {'n_estimators': 800, 'subsample': 1.0, 'colsample_bytree': 0.6, 'max_depth': 6}"
222,"mean: -0.33649, std: 0.00181, params: {'n_estimators': 850, 'subsample': 0.8, 'colsample_bytree': 0.6, 'max_depth': 6}"
223,"mean: -0.33645, std: 0.00195, params: {'n_estimators': 850, 'subsample': 0.9, 'colsample_bytree': 0.6, 'max_depth': 6}"
224,"mean: -0.33681, std: 0.00185, params: {'n_estimators': 850, 'subsample': 1.0, 'colsample_bytree': 0.6, 'max_depth': 6}"
225,"mean: -0.33626, std: 0.00181, params: {'n_estimators': 900, 'subsample': 0.8, 'colsample_bytree': 0.6, 'max_depth': 6}"
226,"mean: -0.33625, std: 0.00198, params: {'n_estimators': 900, 'subsample': 0.9, 'colsample_bytree': 0.6, 'max_depth': 6}"
227,"mean: -0.33659, std: 0.00184, params: {'n_estimators': 900, 'subsample': 1.0, 'colsample_bytree': 0.6, 'max_depth': 6}"
228,"mean: -0.33612, std: 0.00186, params: {'n_estimators': 950, 'subsample': 0.8, 'colsample_bytree': 0.6, 'max_depth': 6}"
229,"mean: -0.33601, std: 0.00198, params: {'n_estimators': 950, 'subsample': 0.9, 'colsample_bytree': 0.6, 'max_depth': 6}"
230,"mean: -0.33639, std: 0.00190, params: {'n_estimators': 950, 'subsample': 1.0, 'colsample_bytree': 0.6, 'max_depth': 6}"
231,"mean: -0.35690, std: 0.00127, params: {'n_estimators': 100, 'subsample': 0.8, 'colsample_bytree': 0.6, 'max_depth': 6}"
232,"mean: -0.35685, std: 0.00128, params: {'n_estimators': 100, 'subsample': 0.9, 'colsample_bytree': 0.6, 'max_depth': 6}"
233,"mean: -0.35729, std: 0.00114, params: {'n_estimators': 100, 'subsample': 1.0, 'colsample_bytree': 0.6, 'max_depth': 6}"
234,"mean: -0.33536, std: 0.00195, params: {'n_estimators': 750, 'subsample': 0.8, 'colsample_bytree': 0.6, 'max_depth': 7}"
235,"mean: -0.33523, std: 0.00171, params: {'n_estimators': 750, 'subsample': 0.9, 'colsample_bytree': 0.6, 'max_depth': 7}"
236,"mean: -0.33559, std: 0.00171, params: {'n_estimators': 750, 'subsample': 1.0, 'colsample_bytree': 0.6, 'max_depth': 7}"
237,"mean: -0.33514, std: 0.00198, params: {'n_estimators': 800, 'subsample': 0.8, 'colsample_bytree': 0.6, 'max_depth': 7}"
238,"mean: -0.33506, std: 0.00175, params: {'n_estimators': 800, 'subsample': 0.9, 'colsample_bytree': 0.6, 'max_depth': 7}"
239,"mean: -0.33533, std: 0.00170, params: {'n_estimators': 800, 'subsample': 1.0, 'colsample_bytree': 0.6, 'max_depth': 7}"
240,"mean: -0.33497, std: 0.00192, params: {'n_estimators': 850, 'subsample': 0.8, 'colsample_bytree': 0.6, 'max_depth': 7}"
241,"mean: -0.33484, std: 0.00173, params: {'n_estimators': 850, 'subsample': 0.9, 'colsample_bytree': 0.6, 'max_depth': 7}"
242,"mean: -0.33512, std: 0.00174, params: {'n_estimators': 850, 'subsample': 1.0, 'colsample_bytree': 0.6, 'max_depth': 7}"
243,"mean: -0.33482, std: 0.00194, params: {'n_estimators': 900, 'subsample': 0.8, 'colsample_bytree': 0.6, 'max_depth': 7}"
244,"mean: -0.33470, std: 0.00175, params: {'n_estimators': 900, 'subsample': 0.9, 'colsample_bytree': 0.6, 'max_depth': 7}"
245,"mean: -0.33497, std: 0.00176, params: {'n_estimators': 900, 'subsample': 1.0, 'colsample_bytree': 0.6, 'max_depth': 7}"
246,"mean: -0.33472, std: 0.00195, params: {'n_estimators': 950, 'subsample': 0.8, 'colsample_bytree': 0.6, 'max_depth': 7}"
247,"mean: -0.33455, std: 0.00178, params: {'n_estimators': 950, 'subsample': 0.9, 'colsample_bytree': 0.6, 'max_depth': 7}"
248,"mean: -0.33480, std: 0.00177, params: {'n_estimators': 950, 'subsample': 1.0, 'colsample_bytree': 0.6, 'max_depth': 7}"
249,"mean: -0.35252, std: 0.00139, params: {'n_estimators': 100, 'subsample': 0.8, 'colsample_bytree': 0.6, 'max_depth': 7}"
250,"mean: -0.35243, std: 0.00122, params: {'n_estimators': 100, 'subsample': 0.9, 'colsample_bytree': 0.6, 'max_depth': 7}"
251,"mean: -0.35280, std: 0.00106, params: {'n_estimators': 100, 'subsample': 1.0, 'colsample_bytree': 0.6, 'max_depth': 7}"
252,"mean: -0.33414, std: 0.00201, params: {'n_estimators': 750, 'subsample': 0.8, 'colsample_bytree': 0.6, 'max_depth': 8}"
253,"mean: -0.33399, std: 0.00170, params: {'n_estimators': 750, 'subsample': 0.9, 'colsample_bytree': 0.6, 'max_depth': 8}"
254,"mean: -0.33448, std: 0.00183, params: {'n_estimators': 750, 'subsample': 1.0, 'colsample_bytree': 0.6, 'max_depth': 8}"
255,"mean: -0.33405, std: 0.00206, params: {'n_estimators': 800, 'subsample': 0.8, 'colsample_bytree': 0.6, 'max_depth': 8}"
256,"mean: -0.33389, std: 0.00173, params: {'n_estimators': 800, 'subsample': 0.9, 'colsample_bytree': 0.6, 'max_depth': 8}"
257,"mean: -0.33432, std: 0.00188, params: {'n_estimators': 800, 'subsample': 1.0, 'colsample_bytree': 0.6, 'max_depth': 8}"
258,"mean: -0.33397, std: 0.00203, params: {'n_estimators': 850, 'subsample': 0.8, 'colsample_bytree': 0.6, 'max_depth': 8}"
259,"mean: -0.33379, std: 0.00173, params: {'n_estimators': 850, 'subsample': 0.9, 'colsample_bytree': 0.6, 'max_depth': 8}"
260,"mean: -0.33419, std: 0.00194, params: {'n_estimators': 850, 'subsample': 1.0, 'colsample_bytree': 0.6, 'max_depth': 8}"
261,"mean: -0.33392, std: 0.00202, params: {'n_estimators': 900, 'subsample': 0.8, 'colsample_bytree': 0.6, 'max_depth': 8}"
262,"mean: -0.33370, std: 0.00178, params: {'n_estimators': 900, 'subsample': 0.9, 'colsample_bytree': 0.6, 'max_depth': 8}"
263,"mean: -0.33407, std: 0.00198, params: {'n_estimators': 900, 'subsample': 1.0, 'colsample_bytree': 0.6, 'max_depth': 8}"
264,"mean: -0.33392, std: 0.00201, params: {'n_estimators': 950, 'subsample': 0.8, 'colsample_bytree': 0.6, 'max_depth': 8}"
265,"mean: -0.33357, std: 0.00189, params: {'n_estimators': 950, 'subsample': 0.9, 'colsample_bytree': 0.6, 'max_depth': 8}"
266,"mean: -0.33396, std: 0.00206, params: {'n_estimators': 950, 'subsample': 1.0, 'colsample_bytree': 0.6, 'max_depth': 8}"
267,"mean: -0.34927, std: 0.00124, params: {'n_estimators': 100, 'subsample': 0.8, 'colsample_bytree': 0.6, 'max_depth': 8}"
268,"mean: -0.34918, std: 0.00123, params: {'n_estimators': 100, 'subsample': 0.9, 'colsample_bytree': 0.6, 'max_depth': 8}"
269,"mean: -0.34927, std: 0.00127, params: {'n_estimators': 100, 'subsample': 1.0, 'colsample_bytree': 0.6, 'max_depth': 8}"
270,"mean: -0.33385, std: 0.00199, params: {'n_estimators': 750, 'subsample': 0.8, 'colsample_bytree': 0.6, 'max_depth': 9}"
271,"mean: -0.33332, std: 0.00194, params: {'n_estimators': 750, 'subsample': 0.9, 'colsample_bytree': 0.6, 'max_depth': 9}"
272,"mean: -0.33385, std: 0.00208, params: {'n_estimators': 750, 'subsample': 1.0, 'colsample_bytree': 0.6, 'max_depth': 9}"
273,"mean: -0.33389, std: 0.00204, params: {'n_estimators': 800, 'subsample': 0.8, 'colsample_bytree': 0.6, 'max_depth': 9}"
274,"mean: -0.33334, std: 0.00201, params: {'n_estimators': 800, 'subsample': 0.9, 'colsample_bytree': 0.6, 'max_depth': 9}"
275,"mean: -0.33378, std: 0.00208, params: {'n_estimators': 800, 'subsample': 1.0, 'colsample_bytree': 0.6, 'max_depth': 9}"
276,"mean: -0.33401, std: 0.00205, params: {'n_estimators': 850, 'subsample': 0.8, 'colsample_bytree': 0.6, 'max_depth': 9}"
277,"mean: -0.33338, std: 0.00208, params: {'n_estimators': 850, 'subsample': 0.9, 'colsample_bytree': 0.6, 'max_depth': 9}"
278,"mean: -0.33377, std: 0.00211, params: {'n_estimators': 850, 'subsample': 1.0, 'colsample_bytree': 0.6, 'max_depth': 9}"
279,"mean: -0.33411, std: 0.00208, params: {'n_estimators': 900, 'subsample': 0.8, 'colsample_bytree': 0.6, 'max_depth': 9}"
280,"mean: -0.33345, std: 0.00206, params: {'n_estimators': 900, 'subsample': 0.9, 'colsample_bytree': 0.6, 'max_depth': 9}"
281,"mean: -0.33376, std: 0.00219, params: {'n_estimators': 900, 'subsample': 1.0, 'colsample_bytree': 0.6, 'max_depth': 9}"
282,"mean: -0.33420, std: 0.00204, params: {'n_estimators': 950, 'subsample': 0.8, 'colsample_bytree': 0.6, 'max_depth': 9}"
283,"mean: -0.33355, std: 0.00217, params: {'n_estimators': 950, 'subsample': 0.9, 'colsample_bytree': 0.6, 'max_depth': 9}"
284,"mean: -0.33381, std: 0.00217, params: {'n_estimators': 950, 'subsample': 1.0, 'colsample_bytree': 0.6, 'max_depth': 9}"
285,"mean: -0.34648, std: 0.00127, params: {'n_estimators': 100, 'subsample': 0.8, 'colsample_bytree': 0.6, 'max_depth': 9}"
286,"mean: -0.34628, std: 0.00130, params: {'n_estimators': 100, 'subsample': 0.9, 'colsample_bytree': 0.6, 'max_depth': 9}"
287,"mean: -0.34645, std: 0.00128, params: {'n_estimators': 100, 'subsample': 1.0, 'colsample_bytree': 0.6, 'max_depth': 9}"
