0,"mean: -0.33607, std: 0.00181, params: {'subsample': 0.6, 'colsample_bytree': 0.6}"
1,"mean: -0.33581, std: 0.00182, params: {'subsample': 0.7, 'colsample_bytree': 0.6}"
2,"mean: -0.33553, std: 0.00186, params: {'subsample': 0.8, 'colsample_bytree': 0.6}"
3,"mean: -0.33516, std: 0.00178, params: {'subsample': 0.9, 'colsample_bytree': 0.6}"
4,"mean: -0.33625, std: 0.00169, params: {'subsample': 0.6, 'colsample_bytree': 0.7}"
5,"mean: -0.33560, std: 0.00169, params: {'subsample': 0.7, 'colsample_bytree': 0.7}"
6,"mean: -0.33527, std: 0.00187, params: {'subsample': 0.8, 'colsample_bytree': 0.7}"
7,"mean: -0.33525, std: 0.00168, params: {'subsample': 0.9, 'colsample_bytree': 0.7}"
8,"mean: -0.33628, std: 0.00205, params: {'subsample': 0.6, 'colsample_bytree': 0.8}"
9,"mean: -0.33564, std: 0.00192, params: {'subsample': 0.7, 'colsample_bytree': 0.8}"
10,"mean: -0.33554, std: 0.00186, params: {'subsample': 0.8, 'colsample_bytree': 0.8}"
11,"mean: -0.33551, std: 0.00173, params: {'subsample': 0.9, 'colsample_bytree': 0.8}"
12,"mean: -0.33649, std: 0.00173, params: {'subsample': 0.6, 'colsample_bytree': 0.9}"
13,"mean: -0.33569, std: 0.00174, params: {'subsample': 0.7, 'colsample_bytree': 0.9}"
14,"mean: -0.33549, std: 0.00193, params: {'subsample': 0.8, 'colsample_bytree': 0.9}"
15,"mean: -0.33543, std: 0.00160, params: {'subsample': 0.9, 'colsample_bytree': 0.9}"
