0,"mean: -0.37619, std: 0.00101, params: {'n_estimators': 250, 'learning_rate': 0.01}"
1,"mean: -0.35193, std: 0.00120, params: {'n_estimators': 500, 'learning_rate': 0.01}"
2,"mean: -0.34795, std: 0.00131, params: {'n_estimators': 650, 'learning_rate': 0.01}"
3,"mean: -0.34540, std: 0.00135, params: {'n_estimators': 800, 'learning_rate': 0.01}"
4,"mean: -0.34621, std: 0.00132, params: {'n_estimators': 250, 'learning_rate': 0.03}"
5,"mean: -0.33975, std: 0.00147, params: {'n_estimators': 500, 'learning_rate': 0.03}"
6,"mean: -0.33789, std: 0.00151, params: {'n_estimators': 650, 'learning_rate': 0.03}"
7,"mean: -0.33662, std: 0.00152, params: {'n_estimators': 800, 'learning_rate': 0.03}"
8,"mean: -0.34119, std: 0.00145, params: {'n_estimators': 250, 'learning_rate': 0.05}"
9,"mean: -0.33667, std: 0.00155, params: {'n_estimators': 500, 'learning_rate': 0.05}"
10,"mean: -0.33548, std: 0.00167, params: {'n_estimators': 650, 'learning_rate': 0.05}"
11,"mean: -0.33471, std: 0.00185, params: {'n_estimators': 800, 'learning_rate': 0.05}"
