0,"mean: -0.34359, std: 0.00160, params: {'max_depth': 4, 'min_child_weight': 1}"
1,"mean: -0.34357, std: 0.00160, params: {'max_depth': 4, 'min_child_weight': 2}"
2,"mean: -0.34352, std: 0.00171, params: {'max_depth': 4, 'min_child_weight': 3}"
3,"mean: -0.34354, std: 0.00167, params: {'max_depth': 4, 'min_child_weight': 5}"
4,"mean: -0.34365, std: 0.00169, params: {'max_depth': 4, 'min_child_weight': 6}"
5,"mean: -0.34000, std: 0.00178, params: {'max_depth': 5, 'min_child_weight': 1}"
6,"mean: -0.34020, std: 0.00177, params: {'max_depth': 5, 'min_child_weight': 2}"
7,"mean: -0.34024, std: 0.00176, params: {'max_depth': 5, 'min_child_weight': 3}"
8,"mean: -0.34032, std: 0.00175, params: {'max_depth': 5, 'min_child_weight': 5}"
9,"mean: -0.34027, std: 0.00171, params: {'max_depth': 5, 'min_child_weight': 6}"
10,"mean: -0.33757, std: 0.00188, params: {'max_depth': 6, 'min_child_weight': 1}"
11,"mean: -0.33773, std: 0.00174, params: {'max_depth': 6, 'min_child_weight': 2}"
12,"mean: -0.33764, std: 0.00173, params: {'max_depth': 6, 'min_child_weight': 3}"
13,"mean: -0.33771, std: 0.00179, params: {'max_depth': 6, 'min_child_weight': 5}"
14,"mean: -0.33792, std: 0.00175, params: {'max_depth': 6, 'min_child_weight': 6}"
15,"mean: -0.33578, std: 0.00186, params: {'max_depth': 7, 'min_child_weight': 1}"
16,"mean: -0.33583, std: 0.00196, params: {'max_depth': 7, 'min_child_weight': 2}"
17,"mean: -0.33597, std: 0.00192, params: {'max_depth': 7, 'min_child_weight': 3}"
18,"mean: -0.33634, std: 0.00184, params: {'max_depth': 7, 'min_child_weight': 5}"
19,"mean: -0.33628, std: 0.00191, params: {'max_depth': 7, 'min_child_weight': 6}"
