0,"mean: 0.80092, std: 0.00115, params: {'n_estimators': 250, 'learning_rate': 0.03}"
1,"mean: 0.80765, std: 0.00116, params: {'n_estimators': 500, 'learning_rate': 0.03}"
2,"mean: 0.81052, std: 0.00112, params: {'n_estimators': 700, 'learning_rate': 0.03}"
3,"mean: 0.80602, std: 0.00103, params: {'n_estimators': 250, 'learning_rate': 0.05}"
4,"mean: 0.81188, std: 0.00100, params: {'n_estimators': 500, 'learning_rate': 0.05}"
5,"mean: 0.81429, std: 0.00105, params: {'n_estimators': 700, 'learning_rate': 0.05}"
