0,"mean: 0.79646, std: 0.00115, params: {'max_depth': 2, 'min_child_weight': 2}"
1,"mean: 0.79644, std: 0.00113, params: {'max_depth': 2, 'min_child_weight': 3}"
2,"mean: 0.79643, std: 0.00121, params: {'max_depth': 2, 'min_child_weight': 5}"
3,"mean: 0.79637, std: 0.00118, params: {'max_depth': 2, 'min_child_weight': 6}"
4,"mean: 0.79655, std: 0.00123, params: {'max_depth': 2, 'min_child_weight': 10}"
5,"mean: 0.80407, std: 0.00097, params: {'max_depth': 3, 'min_child_weight': 2}"
6,"mean: 0.80410, std: 0.00101, params: {'max_depth': 3, 'min_child_weight': 3}"
7,"mean: 0.80412, std: 0.00097, params: {'max_depth': 3, 'min_child_weight': 5}"
8,"mean: 0.80408, std: 0.00099, params: {'max_depth': 3, 'min_child_weight': 6}"
9,"mean: 0.80404, std: 0.00094, params: {'max_depth': 3, 'min_child_weight': 10}"
10,"mean: 0.80931, std: 0.00099, params: {'max_depth': 4, 'min_child_weight': 2}"
11,"mean: 0.80947, std: 0.00107, params: {'max_depth': 4, 'min_child_weight': 3}"
12,"mean: 0.80938, std: 0.00098, params: {'max_depth': 4, 'min_child_weight': 5}"
13,"mean: 0.80948, std: 0.00094, params: {'max_depth': 4, 'min_child_weight': 6}"
14,"mean: 0.80933, std: 0.00104, params: {'max_depth': 4, 'min_child_weight': 10}"
15,"mean: 0.81398, std: 0.00097, params: {'max_depth': 5, 'min_child_weight': 2}"
16,"mean: 0.81370, std: 0.00097, params: {'max_depth': 5, 'min_child_weight': 3}"
17,"mean: 0.81378, std: 0.00093, params: {'max_depth': 5, 'min_child_weight': 5}"
18,"mean: 0.81364, std: 0.00097, params: {'max_depth': 5, 'min_child_weight': 6}"
19,"mean: 0.81346, std: 0.00089, params: {'max_depth': 5, 'min_child_weight': 10}"
