0,"mean: 0.81281, std: 0.00121, params: {'subsample': 0.6, 'colsample_bytree': 0.6}"
1,"mean: 0.81317, std: 0.00105, params: {'subsample': 0.7, 'colsample_bytree': 0.6}"
2,"mean: 0.81332, std: 0.00099, params: {'subsample': 0.8, 'colsample_bytree': 0.6}"
3,"mean: 0.81324, std: 0.00115, params: {'subsample': 0.6, 'colsample_bytree': 0.7}"
4,"mean: 0.81349, std: 0.00113, params: {'subsample': 0.7, 'colsample_bytree': 0.7}"
5,"mean: 0.81365, std: 0.00117, params: {'subsample': 0.8, 'colsample_bytree': 0.7}"
6,"mean: 0.81340, std: 0.00121, params: {'subsample': 0.6, 'colsample_bytree': 0.8}"
7,"mean: 0.81374, std: 0.00112, params: {'subsample': 0.7, 'colsample_bytree': 0.8}"
8,"mean: 0.81397, std: 0.00113, params: {'subsample': 0.8, 'colsample_bytree': 0.8}"
