0,"mean: -0.48729, std: 0.00115, params: {'subsample': 0.6, 'colsample_bytree': 0.6}"
1,"mean: -0.48688, std: 0.00104, params: {'subsample': 0.7, 'colsample_bytree': 0.6}"
2,"mean: -0.48659, std: 0.00107, params: {'subsample': 0.8, 'colsample_bytree': 0.6}"
3,"mean: -0.48688, std: 0.00105, params: {'subsample': 0.6, 'colsample_bytree': 0.7}"
4,"mean: -0.48654, std: 0.00129, params: {'subsample': 0.7, 'colsample_bytree': 0.7}"
5,"mean: -0.48647, std: 0.00107, params: {'subsample': 0.8, 'colsample_bytree': 0.7}"
6,"mean: -0.48650, std: 0.00117, params: {'subsample': 0.6, 'colsample_bytree': 0.8}"
7,"mean: -0.48609, std: 0.00120, params: {'subsample': 0.7, 'colsample_bytree': 0.8}"
8,"mean: -0.48626, std: 0.00108, params: {'subsample': 0.8, 'colsample_bytree': 0.8}"
