0,"mean: -0.50036, std: 0.00084, params: {'max_depth': 3, 'min_child_weight': 1}"
1,"mean: -0.50042, std: 0.00081, params: {'max_depth': 3, 'min_child_weight': 2}"
2,"mean: -0.50042, std: 0.00090, params: {'max_depth': 3, 'min_child_weight': 3}"
3,"mean: -0.50038, std: 0.00089, params: {'max_depth': 3, 'min_child_weight': 5}"
4,"mean: -0.50042, std: 0.00091, params: {'max_depth': 3, 'min_child_weight': 6}"
5,"mean: -0.49466, std: 0.00101, params: {'max_depth': 4, 'min_child_weight': 1}"
6,"mean: -0.49477, std: 0.00101, params: {'max_depth': 4, 'min_child_weight': 2}"
7,"mean: -0.49469, std: 0.00098, params: {'max_depth': 4, 'min_child_weight': 3}"
8,"mean: -0.49475, std: 0.00100, params: {'max_depth': 4, 'min_child_weight': 5}"
9,"mean: -0.49477, std: 0.00103, params: {'max_depth': 4, 'min_child_weight': 6}"
10,"mean: -0.49004, std: 0.00105, params: {'max_depth': 5, 'min_child_weight': 1}"
11,"mean: -0.49008, std: 0.00103, params: {'max_depth': 5, 'min_child_weight': 2}"
12,"mean: -0.49011, std: 0.00101, params: {'max_depth': 5, 'min_child_weight': 3}"
13,"mean: -0.49024, std: 0.00106, params: {'max_depth': 5, 'min_child_weight': 5}"
14,"mean: -0.49025, std: 0.00103, params: {'max_depth': 5, 'min_child_weight': 6}"
15,"mean: -0.48628, std: 0.00106, params: {'max_depth': 6, 'min_child_weight': 1}"
16,"mean: -0.48635, std: 0.00101, params: {'max_depth': 6, 'min_child_weight': 2}"
17,"mean: -0.48659, std: 0.00094, params: {'max_depth': 6, 'min_child_weight': 3}"
18,"mean: -0.48678, std: 0.00113, params: {'max_depth': 6, 'min_child_weight': 5}"
19,"mean: -0.48674, std: 0.00100, params: {'max_depth': 6, 'min_child_weight': 6}"
