0,"mean: -0.49980, std: 0.00098, params: {'n_estimators': 250, 'learning_rate': 0.03}"
1,"mean: -0.49255, std: 0.00107, params: {'n_estimators': 500, 'learning_rate': 0.03}"
2,"mean: -0.48971, std: 0.00108, params: {'n_estimators': 700, 'learning_rate': 0.03}"
3,"mean: -0.49449, std: 0.00093, params: {'n_estimators': 250, 'learning_rate': 0.05}"
4,"mean: -0.48854, std: 0.00112, params: {'n_estimators': 500, 'learning_rate': 0.05}"
5,"mean: -0.48609, std: 0.00120, params: {'n_estimators': 700, 'learning_rate': 0.05}"
